USE SQLDrill;
GO

DELETE FROM BOOK;

INSERT INTO BOOK (BookID,TITLE, PublisherName)
 VALUES ('1','The Lost Tribe', 'Hennepin Pubs'),
		('2','The Lost Boys 1', 'Washington Pubs'),
		('3','The Lost Boys 2', 'Washington Pubs'),
		('4','The Lost Boys 3', 'Washington Pubs'),
		('5','The Lost Boys 4', 'Washington Pubs'),
		('6','The Lost Girls', 'Dakota Pubs'),
		('7','The Lost Tribe 2', 'Hennepin Pubs'),
		('8','The Lost Tribe 3', 'Hennepin Pubs'),
		('9','The Lost Tribe 4', 'Hennepin Pubs'),
		('10','The Lost Tribe 5', 'Hennepin Pubs'),
		('11','The Lost Tribe 6', 'Hennepin Pubs'),
		('12','The Lost Tribe 7', 'Hennepin Pubs'),
		('13','The Lost Tribe 8', 'Hennepin Pubs'),
		('14','The Lost Tribe 9', 'Hennepin Pubs'),
		('15','The Lost Tribe 10', 'Hennepin Pubs'),
		('16','The Lost Tribe 11', 'Hennepin Pubs'),
		('17','The Lost Tribe 12', 'Hennepin Pubs'),
		('18','The Lost Tribe 13', 'Hennepin Pubs'),
		('19','The Lost Tribe 14', 'Hennepin Pubs'),
		('20','The Lost Tribe 15', 'Hennepin Pubs');

DELETE FROM BOOK_COPIES;

INSERT INTO BOOK_COPIES (BookId,Branchid, No_Of_Copies)
 VALUES ('1','1','3'),
		('1','2','3'),
		('1','3','3'),
		('1','3','3'),
		('1','4','3'),
		('1','5','3'),
		('1','6','3'),
		('1','7','3'),
		('2','1','3'),
		('2','2','3'),
		('2','3','3'),
		('2','4','3'),
		('2','5','3'),
		('2','6','3'),
		('2','7','3'),
		('3','1','3'),
		('3','2','3'),
		('3','3','3'),
		('3','4','3'),
		('3','5','3'),
		('3','6','3'),
		('3','7','3'),
		('4','1','3'),
		('4','2','3'),
		('4','3','3'),
		('5','1','3'),
		('5','2','3'),
		('5','3','3'),
		('5','4','3'),
		('5','5','3'),
		('5','6','3'),
		('5','7','3'),
		('6','1','3'),
		('6','2','3'),
		('6','3','3'),
		('6','4','3'),
		('6','5','3'),
		('6','6','3'),
		('6','7','3'),
		('7','1','3'),
		('7','2','3'),
		('7','3','3'),
		('7','4','3'),
		('7','5','3'),
		('7','6','3'),
		('7','7','3'),
		('8','1','3'),
		('8','2','3'),
		('8','3','3'),
		('8','4','3'),
		('8','5','3'),
		('8','6','3'),
		('8','7','3'),
		('9','1','3'),
		('9','2','3'),
		('9','3','3'),
		('9','4','3'),
		('9','5','3'),
		('9','6','3'),
		('9','7','3'),
		('10','1','3'),
		('10','2','3'),
		('10','3','3'),
		('10','4','3'),
		('10','5','3'),
		('10','6','3'),
		('10','7','3'),
		('11','1','3'),
		('11','2','3'),
		('11','3','3'),
		('11','4','3'),
		('11','5','3'),
		('11','6','3'),
		('11','7','3'),
		('12','1','3'),
		('12','2','3'),
		('12','3','3'),
		('12','4','3'),
		('12','5','3'),
		('12','6','3'),
		('12','7','3'),
		('13','1','2'),
		('14','1','2'),
		('15','1','2'),
		('16','1','2'),
		('17','1','2'),
		('18','1','2'),
		('19','1','2'),
		('20','1','2'),
		('20','2','2');


DELETE FROM PUBLISHER;

INSERT INTO PUBLISHER (Name, Address, Phone)
 VALUES ('Hennepin Pubs', '11111 anystreet st', '555-123-4567'),
		('Dakota Pubs', '22222 anystreet st', '555-111-4567'),
		('Washington Pubs', '333331 anystreet st', '555-222-4567');

DELETE FROM LIBRARY_BRANCH;

INSERT INTO LIBRARY_BRANCH (BranchId,BranchName,Address)
 VALUES ('1','Richfield', ' 11 book court'),
		('2','Edina', '22 book court'),
		('3','Central', ' 33 book court'),
		('4','Sharpstown', ' 44 book court'),
		('5','Burnesvillle', ' 55 book court'),
		('6','Kennedy', ' 66 book court'),
		('7','Jefferson', ' 77 book court');

DELETE FROM BORROWER

INSERT INTO BORROWER (CardNo,Name, Address, Phone)
 VALUES ('1','Alice Adams', '11111 everystreet st', '555-123-4567'),
		('2','Bobby Brown', '22222 everystreet st', '555-111-4567'),
		('3','Chris Caller', '333331 everystreet st', '555-222-4567'),
		('4','Davod Caller', '333331 everystreet st', '555-222-4567'),
		('5','Eric Caller', '333331 everystreet st', '555-222-4567'),
		('6','Fred Caller', '333331 everystreet st', '555-222-4567'),
		('7','George Caller', '333331 everystreet st', '555-222-4567'),
		('8','Harry Caller', '333331 everystreet st', '555-222-4567'),
		('9','Ivan Caller', '333331 everystreet st', '555-222-4567'),
		('10','James Caller', '333331 everystreet st', '555-222-4567'),
		('11','Kevin Caller', '333331 everystreet st', '555-222-4567');

INSERT INTO BOOK_AUTHORS (BookId,AuthorName)
 VALUES ('1','Andrew Luck'),
		('2','Bob Costas'),
		('3','Charles Darwin'),
		('4','Drew Bledsoe'),
		('5','Elloit Ness'),
		('6','Fred Flinstone'),
		('7','Grant Chutney'),
		('8','Henry Ford'),
		('9','Igor Strabinski'),
		('10','Stephen King'),
		('11','Andrew Charles'),
		('12','Andrew James'),
		('13','Andrew Cluckner'),
		('14','Seamore Butts'),
		('15','Andrew Wiggins'),
		('16','Andrew Andrew'),
		('17','Betty Grable'),
		('18','Carla Fisher'),
		('19','Diane Finestein'),
		('20','Eva Gabore');

DELETE FROM BOOK_LOANS;

INSERT INTO BOOK_LOANS (BookId,BranchID,CardNo,DateOut,DueDate)
 VALUES ('1','1','1','Dec 19, 2016','Dec 27, 2016'),
		('2','1','1','Dec 19, 2016','Dec 27, 2016'),
		('3','1','1','Dec 19, 2016','Dec 27, 2016'),
		('4','1','1','Dec 19, 2016','Dec 27, 2016'),
		('5','1','1','Dec 19, 2016','Dec 27, 2016'),
		('6','1','1','Dec 19, 2016','Dec 27, 2016'),
		('1','1','2','Dec 19, 2016','Dec 27, 2016'),
		('2','1','2','Dec 19, 2016','Dec 27, 2016'),
		('3','1','2','Dec 19, 2016','Dec 27, 2016'),
		('4','1','2','Dec 19, 2016','Dec 27, 2016'),
		('5','1','2','Dec 19, 2016','Dec 27, 2016'),
		('6','1','2','Dec 19, 2016','Dec 27, 2016'),
		('1','4','1','Dec 19, 2016','Dec 27, 2016'),
		('2','4','1','Dec 19, 2016','Dec 28, 2016'),
		('3','4','1','Dec 19, 2016','Dec 29, 2016'),
		('4','4','1','Dec 19, 2016','Dec 30, 2016'),
		('5','4','1','Dec 19, 2016','Dec 31, 2016'),
		('6','4','1','Dec 19, 2016','Dec 27, 2016'),
		('7','4','1','Dec 19, 2016','Dec 27, 2016'),
		('10','3','1','Dec 19, 2016','Dec 27, 2016'),
		('11','1','3','Dec 19, 2016','Dec 27, 2016'),
		('12','1','3','Dec 19, 2016','Dec 27, 2016'),
		('13','1','3','Dec 19, 2016','Dec 27, 2016'),
		('14','1','3','Dec 19, 2016','Dec 27, 2016'),
		('15','1','3','Dec 19, 2016','Dec 27, 2016'),
		('16','1','3','Dec 19, 2016','Dec 27, 2016'),
		('17','1','3','Dec 19, 2016','Dec 27, 2016'),
		('18','1','3','Dec 19, 2016','Dec 27, 2016'),
		('19','1','3','Dec 19, 2016','Dec 27, 2016'),
		('1','1','4','Dec 19, 2016','Dec 27, 2016'),
		('11','1','4','Dec 19, 2016','Dec 27, 2016'),
		('12','1','4','Dec 19, 2016','Dec 27, 2016'),
		('13','1','4','Dec 19, 2016','Dec 27, 2016'),
		('14','1','4','Dec 19, 2016','Dec 27, 2016'),
		('15','1','4','Dec 19, 2016','Dec 27, 2016'),
		('16','1','4','Dec 19, 2016','Dec 27, 2016'),
		('17','1','4','Dec 19, 2016','Dec 27, 2016'),
		('18','1','4','Dec 19, 2016','Dec 27, 2016'),
		('19','1','4','Dec 19, 2016','Dec 27, 2016'),
		('1','1','5','Dec 19, 2016','Dec 27, 2016'),
		('11','1','5','Dec 19, 2016','Dec 27, 2016'),
		('12','1','5','Dec 19, 2016','Dec 27, 2016'),
		('13','1','5','Dec 19, 2016','Dec 27, 2016'),
		('14','1','5','Dec 19, 2016','Dec 27, 2016'),
		('15','1','5','Dec 19, 2016','Dec 27, 2016'),
		('16','1','5','Dec 19, 2016','Dec 27, 2016'),
		('17','1','5','Dec 19, 2016','Dec 27, 2016'),
		('18','1','5','Dec 19, 2016','Dec 27, 2016'),
		('19','1','5','Dec 19, 2016','Dec 27, 2016'),
		('1','1','6','Dec 19, 2016','Dec 27, 2016'),
		('11','1','6','Dec 19, 2016','Dec 27, 2016'),
		('12','1','6','Dec 19, 2016','Dec 27, 2016'),
		('13','1','6','Dec 19, 2016','Dec 27, 2016'),
		('14','1','6','Dec 19, 2016','Dec 27, 2016'),
		('15','1','6','Dec 19, 2016','Dec 27, 2016'),
		('16','1','6','Dec 19, 2016','Dec 27, 2016'),
		('17','1','6','Dec 19, 2016','Dec 27, 2016'),
		('18','1','6','Dec 19, 2016','Dec 27, 2016'),
		('19','1','6','Dec 19, 2016','Dec 27, 2016'),
		('1','1','7','Dec 19, 2016','Dec 27, 2016'),
		('2','1','7','Dec 19, 2016','Dec 27, 2016'),
		('3','1','7','Dec 19, 2016','Dec 27, 2016'),
		('4','1','7','Dec 19, 2016','Dec 27, 2016'),
		('5','1','7','Dec 19, 2016','Dec 27, 2016'),
		('6','1','7','Dec 19, 2016','Dec 27, 2016'),
		('7','1','7','Dec 19, 2016','Dec 27, 2016'),
		('8','1','7','Dec 19, 2016','Dec 27, 2016'),
		('9','1','7','Dec 19, 2016','Dec 27, 2016'),
		('1','1','8','Dec 19, 2016','Dec 27, 2016'),
		('2','1','8','Dec 19, 2016','Dec 27, 2016'),
		('3','1','8','Dec 19, 2016','Dec 27, 2016'),
		('4','1','8','Dec 19, 2016','Dec 27, 2016'),
		('5','1','8','Dec 19, 2016','Dec 27, 2016'),
		('6','1','8','Dec 19, 2016','Dec 27, 2016'),
		('7','1','8','Dec 19, 2016','Dec 27, 2016'),
		('8','1','8','Dec 19, 2016','Dec 27, 2016'),
		('9','1','8','Dec 19, 2016','Dec 27, 2016'),
		('11','1','8','Dec 19, 2016','Dec 27, 2016');

